Отметка времени,Назва компанії,3) Агент буде телефонувати чи приймати дзвінки?,"4) Яка телефонія буде використовуватись (власна чи наша): 

Twilio / Telnyx / SIP сторонний (Wavix, Zadarma або інша.)
","6) Країна бізнесу
Країна, де знаходиться ваш бізнес","Адреса компанії
Для компаній з одним місцем розташування вкажіть повну фізичну адресу.
Для компаній з кількома локаціями вкажіть повну фізичну адресу конкретної локації, яку обслуговує цей агент.",6) Чим ваш бізнес займається?,7) Посилання на веб-сайт компанії,"8) Часовий пояс

В якому часовому поясі ви працюєте?","20) Робочий телефон (Телефон громадського користування) 
Офіційний номер телефону вашої компанії, який публічно відображається на вашому веб-сайті, Картах Google, Yelp, OpenTable або в соціальних мережах.
Якщо у вашої компанії є кілька локацій, надайте опублікований номер для конкретної локації, для якої ви створюєте цього агента.","19) Опис бізнесу 

Напишіть 2–4 реченнях щодо компанії, які агент може використовувати для відповідей (аналог «Про нас»)","33) У які країни і якими мовами і діалектами телефонуватиме агент

Приклад: Великобританія - En-GB, Бразилія  - BR, Агнетина - Es-AR,",34) Який об'єм дзвінків на місяць планується виконати або прийняти в кожній країні?,"Чи потрібно щоб агент володів кількома мовами одночасно?
Наприклад: асистент повинен одночасно розпізнавати німецьку, італійську та французьку та вміти говорити на цих мовах тому, що телефонує у Швейцарію","35) Чи повинен агент розуміти/говорити діалекти (суржик, FrankEnglish. тощо)","36) Способи оплати 
Перелічіть способи оплати, які приймає компанія",37) У якій валюті сплачуватиметься послуга,"Орієнтовна кількість щомісячних дзвінків 
Оцініть очікуваний щомісячний обсяг дзвінків.
Якщо агент використовуватиметься лише після робочого часу або під час перевантаження, вкажіть середній загальний щомісячний обсяг дзвінків для цього місця розташування.
Для агентів кол-центру вкажіть середній загальний щомісячний обсяг дзвінків для центру.
Ця інформація призначена лише для планування та не вплине на функціональність агента.","38) Ім'я вашого ШІ-агента.

Придумайте ім'я вашего агента","39) Посада агента 
Посада працівника 

Наприклад: продавець , адміністратор буде включена до його підпису електронної пошти.","Часовий пояс клієнта
Потрібен для створення акаунта VoiceAI","Якої статі повинен бути агент?
Стать може обмежити вибір голосів для деяких мов","Привітання агента
Приклад: Вітаю! Мене звати Анна, я менеджер компанії ... Я хочу запропонувати ... Вам зручно зараз говорити?","Найчастіші запитання від клієнтів
Часті запитання (FAQ) та відповідні відповіді для бази знань Агента можуть бути використані для відповіді на запити Клієнтів.","Ton of Voice
Як саме Асистент повинен спілкуватися. 1. Голос Асистента: веселим голосом, суворим тоном...? 2. Звертатися на Ви чи на ти? 3. Короткі та чіткі фрази чи розгорнуті, з професійними термінами чи простою мовою?","48) Контекст

Приклад: Ти менеджер компанії Х тебе звати Анна, ти телефонуєш клієнту який зареєстрований на сайті щоб запропонувати бонус. Говориш тільки українською але розумієш інші мови. Поводишся ввічливо...","40) Приклад існуючого скрипта колл цента, якщо такий є ( можна посиланням на гугл док )","41) Основна задача агента під час діалогу (основна задача може бути тільки одна)

Приклад: 

1.Валідувати лід:

2. Переконати клієнта Здійснити покупку (поповнити рахунок, зробити замовлення, сплатити за товар чи послугу)  

3. З'ясувати чи є в потреба в продукті 

4. Домовитися про зустріч із менеджером 

5. З'ясувати потреби клієнта і запропонувати один варіантів","42) Додаткові Задачі (може бути декілька)

Приклад: 

1. Повідомити клієнта про акцію 

2. Переконати взяти участь в акції 

3.З'ясувати який товар чи послуга потрібні клієнту 

4. Кваліфікувати клієнта","44) Офер (суть пропозиції).

Те що повинен розказати з самого початку 

Приклад: 

1. Акція або спеціальна пропозиція, знижка 20% при умові... 

2. Відвідайте безкоштовний вебінар завтра... 

3. Пропонуємо вам придбати авто в лізинг з першим внеском 20%....","43) Як агент повинен діяти у разі відмови клієнта говорити з ним після привітання

Приклад: Сказати 

1. ""Я передзвоню пізніше"" і перетелефонувати через 1 годину (30 хвилин, наступного дня) 

2. Сказати ""Вибачте що потубувала"" і покласти слухавку 

3. Спробувати продовжити діалог....","45) Що агент повинен зробити, якщо сценарій діалога не успішний

Що асистент повинен сказати та  зробити у разі якщо абонент відмовляється від оферу? ","46) Що агент повинен зробити у випадку успішного сценарія
Що Асистент повинен зробити у разі якщо сценарій успішний. 

Приклад, абонент погодився взяти участь в акції...","47) Мотивація клієнта

Як агент повинен мотивувати клієнта здійснити потрібне. Наприклад: запропонувати знижку / акцію / розіграш призів, сказати, що ціна скоро зміниться / товар закінчиться, розказати по переваги, тощо.",48) Чи буде агент використовувати акційні пропозиції в діалозі?,"49) Правила та деталі акції

Приклад: яка знижка буде надана, при яких умовах (що треба зробити щоб взяти участь), терміни дії акції",Столбец 36,"50) Критерії оцінки ліда/клієнта. Якщо це потрібно

Як саме потрібно оцінювати
. 
Наприклад: якщо клієнт задавав питання про ціну, та терміни  — ""Ready"". Якщо клієнт сказав що йому треба ще подумати або не вистачає інформації — ""Warm"" якщо клієнт сказав, що для нього дорого - ""Cold""",51) Запитання які агент повинен поставити клієнту щоб виявити проблему,Як саме агент повинен закривати діалог,"52) Чи повинен агент робити розрахунки в онлайн режимі? Якщо так опишіть що саме потрібно розраховувати (фомула)

Наприклад: асистент повинен розрахувати економію для клієнта, у разі якщо клієнт погодитися взяти участь в акції","53) Питання та відповіді
Якщо є якісь питання на які агент має знати відповіді вкажіть їх тут. Якщо відповіді повинні бути точні, їх треба вказати в лапках. 

Наприклад: На питання  про повернення товару відповідай точно так ""..."". На питання про гарантії відповідай так....",Які повідомлення відправлятиме агент після закінчення розмови,"54) Заборона

Вкажіть, якщо агентові заборонено щось казати. Наприклад, зізнаватися що він ші, відповідати на питання що не стосуються задачі, змінювати мову, коментувати конкурентів....",55) Які дані треба зберегти після розмови з клієнтом,"56) Заперечення які повинен відпрацьовувати агент з прикладами відповідей

У форматі: заперечення - приклад відповіді. Це потрібно щоб ШІ обробляв заперечення саме за стандартами компанії. Якщо відповідь повинна бути тільки така, а не інакша, будь ласка зазначте це.","65) Які елементи агент будуть змінюватися часто

Це потрібно знати щоб розуміти які слоти виводити клієнту в приватний кабінет","57) Про компанію (що агент повинен знати про компанію)

Приклад: Наша ліцензія 364554. Наша адреса... Ми працюємо в таких містах...",58) Важливі питання які не були згадані вище,59) Чи потрібна API інтеграція (обмін даними),"60) Які дані передаватимуться для дзвінків окрім номера телефона

Наприклад: ім'я абонента, розмір бонуса, розмір заборгованості, причину/суть помилки...","61) Які дані будуть відправлятися за допомогою Вебхук після закінчення діалога

Наприклад: результат діалога, резюме діалога, коли зв'язатися з клієнтом, яким каналом....","
9) Агент працює 24/7 чи тільки в робочі години?",10) Вкажіть робочий години (по днях тижня) та свята/неробочі дні.,"11) Які канали потрібні агенту? 
(Голосові дзвінки / Чат на сайті / Telegram / WhatsApp / Instagram / SMS)","16) Чи повинен агент згадувати, що він АІ-помічник, якщо клієнт запитає напряму?",17) Темп мови (повільний/нормальний/швидкий),18) Енергія мови (спокійна/нейтральна/жива),Акцент (якщо потрібний конкретний),"20) Як агент має говорити про ціни?

(Називати точні / Тільки приблизні / Направляти до менеджера / Заборонено називати ціни без консультації)","21) Перерахуйте 7–10 найчастіших запитів клієнтів 

(саме тими словами, якими вони пишуть/говорять).",24) Які запити мають вважатися лідом - тобто потенційним продажем?,"
22) Які запити вимагають зворотного ручного дзвінка — тобто. менеджер має передзвонити?","
23) Чи потрібні вихідні дзвінки/SMS по базі клієнтів? ","
24) Якщо так - опишіть мету дзвінка І що потрібно відправити в SMS?
","25) Чи є документи/FAQ/політики, які агент має знати? (посилання, PDF, текст)","26) Чи є специфічні фрази чи формулювання, які заборонено використовувати агенту?",30) Країна для покупки номера агента,"27) Яка фраза має бути?

Привітання голосом (перший дзвінок): Приклад: «Дякую, що зателефонували до [Назва]! Це [Ім'я]. Чим можу допомогти?","28) Яка фраза має бути для повторного дзвінка в інший день? 


Приклад: З поверненням! Радий вас знову чути»","
29) Яка фраза привітання у чаті: 

Приклад: Привіт! Я [Ім'я], помічник [Назва]. Чим допомогти?","34) Максимальний час очікування відповіді від клієнта (у секундах)

Скільки агент має очікувати клієнта в тишині?","35) Що говорити клієнту при перевищенні очікування?

Приклад: Займиюсь вашим питанням - хвилинку»","
30) Що говорити на автовідповідачі?

Приклад: «Добрий день! Це [Ім'я] з [Назва]. Будь ласка, зателефонуйте нам за номером...","31) Чи потрібний HIPAA-режим 

(видалення аудіо та тексту сесій)?

Чи видаляти аудіо і текст сессії?",32) Які дані агент не має права запитувати чи передавати клієнту?,"Як агент має реагувати на спроби маніпуляції (обійти інструкції, отримати внутрішню інформацію)?","39) Чи є юридичні/галузеві вимоги відповідності 

(GDPR, HIPAA, банківські регуляції)?",5) Яка CRM система використовується?,"2) Фонетична назва підприємства.  

Для точної вимови назви компанії іноді необхідно надати фонетичну транскрипцію оригінальної назви.

Система використовує цю фонетичну транскрипцію для вимови назви компанії у вітальній фразі Voice.

Приклад: Добрий день, Вам телефонує компанія [Кийивста́р]",13) Повне ім'я менеджера з виставлення рахунків. Повне ім'я контактної особи з питань виставлення рахунків.,"
Номер телефону менеджера з виставлення рахунків Номер телефону контактної особи з питань виставлення рахунків.","Електронна пошта менеджера з виставлення рахунків 
Адреса електронної пошти контактної особи з питань виставлення рахунків.","
12) Загальні (спільно використовувані) телефонні номери 

Номера телефонів, які можуть використовуватися кількома людьми, наприклад номер телефону стійки реєстрації в готелі, який використовується різними співробітниками для відповіді на дзвінки. ","13) Продукти та послуги Список товарів та послуг, які надає компанія, призначений для відділу продажу та служби підтримки клієнтів. 

В ідеалі кожен товар повинен включати опис, ціну та посилання для оплати.","14) Недоступні товари та послуги 

Щоб уникнути плутанини, корисно чітко вказати, які послуги ви не надаєте.

Примітка: Ця інформація буде враховуватись у кожному діалозі.","15) Товари та послуги - Територія, що обслуговується 

Ця інформація використовується визначення географічної доступності послуги.",Яка CRM система використовується?
03.07.2026 20:14:03,ClickCredit,Лише вихіна лінія,Телефонія в  Окі-Токі,,,Кредитуванням населення,https://clickcredit.ua/ ,За східноєвропейським,,"ClickCredit — український сервіс онлайн-кредитування, який дозволяє оформити кредит дистанційно за кілька хвилин. Компанія допомагає клієнтам швидко вирішувати фінансові питання завдяки простому оформленню заявки та оперативному розгляду.

ClickCredit — це сучасний спосіб оформити кредит онлайн на карту без зайвих питань і очікувань. Забудьте про черги та паперову тяганину — ми подбали про те, щоб процес був максимально зручним, швидким і прозорим, а довіра до сервісу формувалася з першого звернення.

ClickCredit — це не тільки про гроші «тут і зараз». Це можливість довести собі і кредиторам, що ви вмієте відповідально розпоряджатися фінансами. Кожен успішно закритий кредит відкриває для вас більше можливостей у майбутньому і допомагає поступово відновити кредитну історію.
",Україна. Розмовляти лише чистою українською мовою. ,+- 2000,,Так,"В особистому кабінеті на сайті або в додатку ClickCredit.
В інтернет-банкінгу вашого банку.
У касі банку надавши наші реквізити.
У терміналах самообслуговування EasyPay, City24, Mono.
На сайтах партнерів EasyPay, City24",UAH,,Ще подумаємо,Оператор- фахівець відділу обслуговування клієнтів,,,,,,,"— Добрий день, мене звати (ім’я), компанія Клік Кредіт. Підкажіть, будь ласка, це (ім’я клієнта)? якщо імені ще немає, то уточнюємо, як можна звертатись до клієнта. 
— Дуже приємно! Телефоную, щоб допомогти завершити реєстрацію яку ви почали у нас в компанії і зупинились за крок до грошей.

*якщо кл починає розмову, то пояснюємо кл на якому етапі він зупинився та уточнюємо, що стало причиною  і що в нього не виходить?


""— ІП пропоную завершення реєстрації для уточнення суми яку для вас може ухвалити компанія. Це вас ні до чого не зобов'язує та це не є підписанням договору. Чи буде вам цікаво? ",Переконати клієнта завершити реєстрацію.,"1,2,3,4","Агент повинен привітатися, ідентифікувати клієнта, пояснити причину дзвінка, допомогти кл ","Спробувати пояснити кл, що розмова буде не довга та вийти на контакт з клієнтом, якщо кл відмовляється, то запропонувати передзвон.","Дізнатися про причини відмови, Продовжувати вмовляти/обробляти заперечення, Вибачитися, що потурбував і покласти слухавку, Інше","Відправити СМС з посиланням на сайт, підбити підсумок розмови та попрощатися",інформація у файлі,Так,"Акції постійно змінюються, дана інформація буде використовуватися, але ми постійно будемо її змінювати відповідно до умов акцій які будуть проходити.",,не потрібно,інформація у файлі,,"так, рахувати суму яку кл має повернути на дату закриття чи суму оплати 1 платежу",інформація у файлі,,"Агенту не варто зізнаватися що він ШІ, відповідати на питання що не стосуються задачі - коректно пояснювати, що це не в його компетентності, не можна змінювати мову консультації, коментувати конкурентів, кричати на кл, посилати кл. Детальніше у файлі. ","Коротке резюме діалогу, Дату та час зустрічі з менеджером, Назву товару / послуги яка цікавить клієнта, Проблему яка турбує клієнта, Причину відмови клієнта",інформація у файлі,,"Як отримати кредит?
Пройдіть найпростішу реєстрацію (через веб-сайт https://clickcredit.ua/ або після завантаження мобільного додатку ClickCredit на Вашому смартфоні, натиснувши відповідну кнопку в GooglePlay/AppStore)
Виберіть суму та термін
Додайте банківську картку
Через мить отримаєте гроші

Що необхідно, щоб отримати кредит?
Паспорт громадянина України
Ідентифікаційний номер платника податків (ІПН)
Пристрій із доступом до інтернету - комп’ютер, ноутбук або смартфон
Мобільний телефон (на нього прийде повідомлення)
Власна банківська картка

Максимальна сума та термін кредиту?
НОВОМУ клієнту: до 8 000 грн

на строк від 5 до 365 днів 
процентна ставка:
  0.01% до 500 грн, 0,95% від 501 грн до 8000 грн та/або строк понад 10 днів;
реальна річна процентна ставка — від 3,71% до 5916,41% 
супровідні послуги відсутні
ПОСТІЙНОМУ клієнту: до 30 000 грн

  від 5 до 365 днів 
знижки до 95% постійним клієнтам
реальна річна процентна ставка – від 3194,73% до 5916,41% 
Супровідні послуги відсутні



Чому ClickCredit?
Коротка анкета — для отримання кредиту потрібен тільки паспорт, код, мобільний телефон та банківська картка.
Ми не вимагаємо фото.
Ми не дзвонимо друзям або на роботу.
Швидке рішення про видачу кредиту.
Оплата тільки за дні фактичного користування кредитом.
Можна продовжити кредит навіть в простроченні.
Максимально безпечно.
Ми такі ж люди, і говоримо з тобою на одній мові.
Ми працюємо через веб-сайт та мобільний додаток. Нам не потрібні відділення або великі інтернет-сайти. Зареєструйся та отримай доступ до швидкого кредиту. Переконайся прямо зараз!",в процесі налаштування та роботи будуть виникати.,"Так, дзвінки будуть автоматизовані","ПІБ, дата народження, статус клієнта","Результат діалога, резюме діалога, коли зв'язатися з клієнтом (якщо потрібно) ",Тільки в робочі години,"ПН - з 08:00 до 21:00
ВТ - з 08:00 до 21:00
СР - з 08:00 до 21:00
ЧТ - з 08:00 до 21:00
ПТ - з 08:00 до 21:00
СБ - з 08:00 до 21:00
НД - з 08:00 до 21:00
",Голосові дзвінки,Ні,Нормальний,Жива,,Називати точні,"Яку суму мені дадуть?
Як пройти БанкАйді?
Не приходе код, що робити?
Чи довго мені ще реєструватися? 
Інші приклади будуть у файлі в скриптах",,"Якщо в розмові клієнт  зрозумів, що спілкується з ШІ агентом і вимагає оператора. Якщо АІ помічник не зміг допомогти клієнту і розмова зайшла в ""тупік"". Інші приклади будуть у файлі",Так,"Мета дзвінка - це допомога/консультація  клієнта який зупинився на етапі реєстрації. Смс шаблони будуть у файлі, вони відправляються відповідно до запиту кл чи суті розмови. ",Всі документи що розміщені на нашому сайті,"Агент не може висловлюватись нецензурною лексикою, погрожувати клієнту в будь-якій формі, кричати на клієнта, перебивати. Інші приклади будуть у файлі",,"— Добрий день, мене звати (ім’я), компанія Клік Кредіт. Підкажіть, будь ласка, це (ім’я клієнта)? якщо імені ще немає, то уточнюємо, як можна звертатись до клієнта. 
— Дуже приємно! Телефоную, щоб допомогти завершити реєстрацію яку ви почали у нас в компанії і зупинились за крок до грошей.

*якщо кл починає розмову, то пояснюємо кл на якому етапі він зупинився та уточнюємо, що стало причиною того що він зупинився та що в нього не виходить?","— Вітаю, (ім’я клієнта), це (ім’я) з компанії Клік Кредіт. Минулого разу ми спілкувались щодо вашої реєстрації, пам’ятаєте?
— Хотів(ла) уточнити, чи пробували продовжити реєстрацію, адже можу зараз допомогти завершити процес.     ","Добрий день, мене звати (ім’я), компанія Клік Кредіт. Підкажіть, будь ласка, це (ім’я клієнта)? якщо імені ще немає, то уточнюємо, як можна звертатись до клієнта. ",,,"Вітаємо! Це компанія Клік Кредит. Ви зупинилися на етапі реєстрації, якщо виникають труднощі з реєстрацією зверніться до нашого чату-підтримки за допомогою. ",Ні,інформація у файлі,,,Наша,Компанія ClickCredit ( Клік Кредит) ,,,,немає,"ClickCredit надає такі послуги:
Онлайн-кредити для фізичних осіб.
Реєстрація та оформлення кредитної заявки.
Ідентифікація клієнта (BankID, верифікація документів, підтвердження картки).
Розгляд кредитної заявки та надання рішення.
Укладення кредитного договору онлайн.
Зарахування кредитних коштів на банківську картку.
Погашення кредиту.
Продовження строку кредиту (за наявності послуги).
Реструктуризація заборгованості (за наявності послуги).
Консультаційна підтримка клієнтів щодо продуктів та сервісів ClickCredit.","Агент  не оформлює кредити самостійно та не приймає рішення щодо погодження або відмови у видачі кредиту. Агент не змінює умови кредитування, не проводить фінансові, юридичні чи інші консультації, що не стосуються оформлення заявки в ClickCredit. Агент не виконує платіжні операції, не приймає платежі та не надає послуги інших компаній чи фінансових установ. Також агент не може допомогти з питаннями, які не пов'язані з продуктами та сервісами ClickCredit.

Компанія ClickCredit не надає:
Іпотечне кредитування
Автокредитування
Кредити для юридичних осіб та бізнесу
Кредитні картки
Депозити та ощадні рахунк.
Страхові послуги
Інвестиційні продукти
Грошові перекази
Обмін валют
Юридичні консультації
Податкові консультації
Фінансове планування та інвестиційні консультації
Послуги інших фінансових компаній
Зміна кредитного рішення на вимогу клієнта",Онлайн Кредитування населення України. окрім тимчасово окупованих територій,